{
  "expected_calibration_error": 0.08720332545320891,
  "roc_auc": 0.6875,
  "pr_auc": 0.6759752451209494,
  "calibration_curve": {
    "prob_true": [
      0.5,
      0.5
    ],
    "prob_pred": [
      0.5730718406494598,
      0.601334810256958
    ]
  },
  "roc_curve": {
    "fpr": [
      0.0,
      0.0,
      0.05,
      0.05,
      0.15,
      0.15,
      0.25,
      0.25,
      0.3,
      0.3,
      0.5,
      0.5,
      0.55,
      0.55,
      0.6,
      0.6,
      0.65,
      0.65,
      0.95,
      0.95,
      1.0
    ],
    "tpr": [
      0.0,
      0.05,
      0.05,
      0.2,
      0.2,
      0.45,
      0.45,
      0.6,
      0.6,
      0.65,
      0.65,
      0.75,
      0.75,
      0.85,
      0.85,
      0.9,
      0.9,
      0.95,
      0.95,
      1.0,
      1.0
    ]
  },
  "pr_curve": {
    "precision": [
      0.5,
      0.5128205128205128,
      0.5,
      0.5135135135135135,
      0.5277777777777778,
      0.5428571428571428,
      0.5588235294117647,
      0.5757575757575758,
      0.59375,
      0.5806451612903226,
      0.6,
      0.5862068965517241,
      0.6071428571428571,
      0.5925925925925926,
      0.5769230769230769,
      0.6,
      0.5833333333333334,
      0.5652173913043478,
      0.5909090909090909,
      0.6190476190476191,
      0.65,
      0.6842105263157895,
      0.6666666666666666,
      0.7058823529411765,
      0.6875,
      0.6666666666666666,
      0.6428571428571429,
      0.6923076923076923,
      0.75,
      0.7272727272727273,
      0.7,
      0.6666666666666666,
      0.625,
      0.5714285714285714,
      0.6666666666666666,
      0.8,
      0.75,
      0.6666666666666666,
      0.5,
      1.0,
      1.0
    ],
    "recall": [
      1.0,
      1.0,
      0.95,
      0.95,
      0.95,
      0.95,
      0.95,
      0.95,
      0.95,
      0.9,
      0.9,
      0.85,
      0.85,
      0.8,
      0.75,
      0.75,
      0.7,
      0.65,
      0.65,
      0.65,
      0.65,
      0.65,
      0.6,
      0.6,
      0.55,
      0.5,
      0.45,
      0.45,
      0.45,
      0.4,
      0.35,
      0.3,
      0.25,
      0.2,
      0.2,
      0.2,
      0.15,
      0.1,
      0.05,
      0.05,
      0.0
    ]
  }
}