{
  "The capital of France is Berlin.": {
    "verification_confidences": [
      0.6681922078132629,
      0.5720796585083008,
      0.6295415759086609,
      0.6297786831855774,
      0.6104927062988281,
      0.6303829550743103,
      0.5325239896774292,
      0.5396398305892944,
      0.49888768792152405
    ],
    "adapter_locations": [
      2,
      5,
      8,
      11,
      14,
      17,
      20,
      23,
      26
    ],
    "correction_magnitudes": [
      0.6824922991387824,
      94.5638422301334,
      1.5918093997334761,
      0.6559414704508596,
      1.0135781440635225,
      0.57050253517742,
      0.9043810062005786,
      1.3428009056127737,
      2.5336215278587617
    ]
  },
  "The capital of France is Paris.": {
    "verification_confidences": [
      0.6660783290863037,
      0.5826533436775208,
      0.563020646572113,
      0.5588567852973938,
      0.5828107595443726,
      0.6096050143241882,
      0.5469378232955933,
      0.5827977657318115,
      0.502524197101593
    ],
    "adapter_locations": [
      2,
      5,
      8,
      11,
      14,
      17,
      20,
      23,
      26
    ],
    "correction_magnitudes": [
      0.651581704105239,
      94.50908042043667,
      1.5930587768268198,
      0.6579310425397081,
      1.012053536007446,
      0.42036380416751307,
      0.9084193004696716,
      1.325782249023209,
      2.5083253265573116
    ]
  },
  "The tallest mountain in the world is K2.": {
    "verification_confidences": [
      0.5998342633247375,
      0.601769208908081,
      0.6047579050064087,
      0.5997883081436157,
      0.6239926815032959,
      0.6034361720085144,
      0.5670121312141418,
      0.5647199749946594,
      0.506607174873352
    ],
    "adapter_locations": [
      2,
      5,
      8,
      11,
      14,
      17,
      20,
      23,
      26
    ],
    "correction_magnitudes": [
      0.6915271480115511,
      72.71341682595717,
      1.3286939004647094,
      0.5665383368220777,
      0.8767192237773791,
      0.39865245188413595,
      0.7924542230967639,
      1.4299908498246479,
      2.5197961827352207
    ]
  },
  "The tallest mountain in the world is Mount Everest.": {
    "verification_confidences": [
      0.5691003799438477,
      0.5623030066490173,
      0.6154175996780396,
      0.5845171213150024,
      0.5536492466926575,
      0.6218323111534119,
      0.5434470772743225,
      0.5886691808700562,
      0.5094797015190125
    ],
    "adapter_locations": [
      2,
      5,
      8,
      11,
      14,
      17,
      20,
      23,
      26
    ],
    "correction_magnitudes": [
      0.6899219146152906,
      72.69596591748703,
      1.334165686205086,
      0.5718976449964528,
      0.8744252617523253,
      0.386928751158434,
      0.8070792888839837,
      1.4023735169116587,
      2.500480024653908
    ]
  },
  "Water boils at 50 degrees Celsius at sea level.": {
    "verification_confidences": [
      0.6345469951629639,
      0.5934427380561829,
      0.5785173177719116,
      0.6372965574264526,
      0.6161215901374817,
      0.6288420557975769,
      0.5316722393035889,
      0.5779725313186646,
      0.5004274249076843
    ],
    "adapter_locations": [
      2,
      5,
      8,
      11,
      14,
      17,
      20,
      23,
      26
    ],
    "correction_magnitudes": [
      0.6642608852744171,
      67.4272959120452,
      0.9731705776355554,
      0.5159415991533901,
      0.668847122423578,
      0.36661253444937064,
      0.6124755929031586,
      1.3826806017796638,
      2.3203488977937825
    ]
  },
  "Water boils at 100 degrees Celsius at sea level.": {
    "verification_confidences": [
      0.6097726225852966,
      0.5531976819038391,
      0.6340909004211426,
      0.6079111695289612,
      0.5737999081611633,
      0.6266735196113586,
      0.5925416350364685,
      0.5839375853538513,
      0.5030291080474854
    ],
    "adapter_locations": [
      2,
      5,
      8,
      11,
      14,
      17,
      20,
      23,
      26
    ],
    "correction_magnitudes": [
      0.6675718593005697,
      64.80933155031174,
      0.9394721631803657,
      0.5073354105533671,
      0.6510860717287372,
      0.3695793852153153,
      0.6095878842959268,
      1.3608667755227781,
      2.3757059826952136
    ]
  },
  "The human heart has three chambers.": {
    "verification_confidences": [
      0.6332384347915649,
      0.6076142191886902,
      0.6880095601081848,
      0.550369381904602,
      0.5356791019439697,
      0.5952446460723877,
      0.595086395740509,
      0.5516314506530762,
      0.4983668625354767
    ],
    "adapter_locations": [
      2,
      5,
      8,
      11,
      14,
      17,
      20,
      23,
      26
    ],
    "correction_magnitudes": [
      0.6832612021591017,
      88.96182994160166,
      1.5810970677089862,
      0.6567280510636401,
      1.0103667950461268,
      0.3863407727490506,
      0.9100309959567281,
      1.4569233001087871,
      2.4849858950546113
    ]
  },
  "The human heart has four chambers.": {
    "verification_confidences": [
      0.5795879364013672,
      0.5437867641448975,
      0.5834269523620605,
      0.6337088346481323,
      0.6048044562339783,
      0.6259714961051941,
      0.5221238136291504,
      0.510034441947937,
      0.5017021298408508
    ],
    "adapter_locations": [
      2,
      5,
      8,
      11,
      14,
      17,
      20,
      23,
      26
    ],
    "correction_magnitudes": [
      0.6850086345822768,
      88.98767564147205,
      1.581402933409608,
      0.6609440846138818,
      1.0119155833512916,
      0.3951759082247788,
      0.8789934786993833,
      1.4583356771282574,
      2.4995612867940427
    ]
  },
  "The Earth orbits around the Sun.": {
    "verification_confidences": [
      0.6446618437767029,
      0.5002777576446533,
      0.6187084913253784,
      0.5423664450645447,
      0.6080704927444458,
      0.5854896903038025,
      0.511469841003418,
      0.5977308750152588,
      0.501602828502655
    ],
    "adapter_locations": [
      2,
      5,
      8,
      11,
      14,
      17,
      20,
      23,
      26
    ],
    "correction_magnitudes": [
      0.6919552540699289,
      91.91103269009805,
      1.5771051108893417,
      0.6525988159374173,
      1.0102763358672655,
      0.40335112038848026,
      0.9135326042988401,
      1.478417518499767,
      2.344752588633475
    ]
  },
  "The Sun orbits around the Earth.": {
    "verification_confidences": [
      0.6254257559776306,
      0.6235546469688416,
      0.6588341593742371,
      0.6176069378852844,
      0.5582994222640991,
      0.5846371054649353,
      0.5026118755340576,
      0.5195867419242859,
      0.4979996085166931
    ],
    "adapter_locations": [
      2,
      5,
      8,
      11,
      14,
      17,
      20,
      23,
      26
    ],
    "correction_magnitudes": [
      0.6906770726161173,
      92.06807367802708,
      1.5792807552933876,
      0.6509562448733373,
      1.0104728606008935,
      0.4080592364580217,
      0.8909061529694636,
      1.4553232612358329,
      2.3521943252135196
    ]
  }
}